{"net.minecraftforge.event.entity.player.PlayerInteractEvent$RightClickItem":"net.minecraftforge.event.entity.player.PlayerInteractEvent$RightClickItem","net.minecraftforge.event.entity.player.PlayerEvent$HarvestCheck":"net.minecraftforge.event.entity.player.PlayerEvent$HarvestCheck","net.minecraftforge.client.event.ModelEvent":"net.minecraftforge.client.event.ModelEvent","net.minecraftforge.event.village.VillagerTradesEvent":"net.minecraftforge.event.village.VillagerTradesEvent","journeymap.client.api.event.forge.FullscreenDisplayEvent":"journeymap.client.api.event.forge.FullscreenDisplayEvent","net.minecraftforge.client.event.ScreenEvent$KeyPressed$Post":"net.minecraftforge.client.event.ScreenEvent$KeyPressed$Post","net.minecraftforge.event.entity.player.PlayerXpEvent":"net.minecraftforge.event.entity.player.PlayerXpEvent","net.minecraftforge.client.event.RenderGuiOverlayEvent":"net.minecraftforge.client.event.RenderGuiOverlayEvent","net.minecraftforge.client.event.RenderLivingEvent":"net.minecraftforge.client.event.RenderLivingEvent","net.minecraftforge.event.RegisterCommandsEvent":"net.minecraftforge.event.RegisterCommandsEvent","net.minecraftforge.event.entity.living.LivingEntityUseItemEvent$Tick":"net.minecraftforge.event.entity.living.LivingEntityUseItemEvent$Tick","net.minecraftforge.event.entity.EntityTeleportEvent$EnderEntity":"net.minecraftforge.event.entity.EntityTeleportEvent$EnderEntity","net.minecraftforge.event.level.SaplingGrowTreeEvent":"net.minecraftforge.event.level.SaplingGrowTreeEvent","net.minecraftforge.event.entity.player.EntityItemPickupEvent":"net.minecraftforge.event.entity.player.EntityItemPickupEvent","net.minecraftforge.event.entity.player.PlayerEvent$PlayerLoggedInEvent":"net.minecraftforge.event.entity.player.PlayerEvent$PlayerLoggedInEvent","net.minecraftforge.client.event.InputEvent$MouseScrollingEvent":"net.minecraftforge.client.event.InputEvent$MouseScrollingEvent","net.minecraftforge.event.entity.living.LivingHealEvent":"net.minecraftforge.event.entity.living.LivingHealEvent","net.minecraftforge.client.event.ScreenEvent$KeyReleased":"net.minecraftforge.client.event.ScreenEvent$KeyReleased","shadows.apotheosis.core.attributeslib.api.AddAttributeTooltipsEvent":"shadows.apotheosis.core.attributeslib.api.AddAttributeTooltipsEvent","net.minecraftforge.event.entity.living.BabyEntitySpawnEvent":"net.minecraftforge.event.entity.living.BabyEntitySpawnEvent","net.minecraftforge.fml.event.lifecycle.FMLLoadCompleteEvent":"net.minecraftforge.fml.event.lifecycle.FMLLoadCompleteEvent","net.minecraftforge.client.event.ViewportEvent$RenderFog":"net.minecraftforge.client.event.ViewportEvent$RenderFog","net.minecraftforge.client.event.RenderHighlightEvent":"net.minecraftforge.client.event.RenderHighlightEvent","net.minecraftforge.event.level.BlockEvent$FarmlandTrampleEvent":"net.minecraftforge.event.level.BlockEvent$FarmlandTrampleEvent","net.minecraftforge.event.TagsUpdatedEvent":"net.minecraftforge.event.TagsUpdatedEvent","net.minecraftforge.event.entity.player.ItemTooltipEvent":"net.minecraftforge.event.entity.player.ItemTooltipEvent","vazkii.quark.api.event.GatherAdvancementModifiersEvent":"vazkii.quark.api.event.GatherAdvancementModifiersEvent","net.minecraftforge.event.level.BlockEvent$BreakEvent":"net.minecraftforge.event.level.BlockEvent$BreakEvent","net.minecraftforge.event.entity.item.ItemEvent":"net.minecraftforge.event.entity.item.ItemEvent","net.minecraftforge.fml.event.config.ModConfigEvent$Reloading":"net.minecraftforge.fml.event.config.ModConfigEvent$Reloading","net.minecraftforge.event.entity.living.LivingEvent$LivingTickEvent":"net.minecraftforge.event.entity.living.LivingEvent$LivingTickEvent","net.minecraftforge.event.entity.player.PlayerContainerEvent":"net.minecraftforge.event.entity.player.PlayerContainerEvent","net.minecraftforge.event.entity.player.SleepingLocationCheckEvent":"net.minecraftforge.event.entity.player.SleepingLocationCheckEvent","net.minecraftforge.event.level.ChunkDataEvent$Save":"net.minecraftforge.event.level.ChunkDataEvent$Save","net.minecraftforge.fml.event.config.ModConfigEvent$Loading":"net.minecraftforge.fml.event.config.ModConfigEvent$Loading","net.minecraftforge.event.entity.player.ArrowLooseEvent":"net.minecraftforge.event.entity.player.ArrowLooseEvent","net.minecraftforge.event.entity.player.PlayerInteractEvent$LeftClickBlock":"net.minecraftforge.event.entity.player.PlayerInteractEvent$LeftClickBlock","net.minecraftforge.event.entity.EntityMobGriefingEvent":"net.minecraftforge.event.entity.EntityMobGriefingEvent","net.minecraftforge.registries.IdMappingEvent":"net.minecraftforge.registries.IdMappingEvent","net.minecraftforge.event.level.ChunkTicketLevelUpdatedEvent":"net.minecraftforge.event.level.ChunkTicketLevelUpdatedEvent","net.minecraftforge.fml.event.lifecycle.ParallelDispatchEvent":"net.minecraftforge.fml.event.lifecycle.ParallelDispatchEvent","vazkii.quark.api.event.RecipeCrawlEvent":"vazkii.quark.api.event.RecipeCrawlEvent","net.minecraftforge.client.event.ScreenEvent$MouseButtonReleased$Post":"net.minecraftforge.client.event.ScreenEvent$MouseButtonReleased$Post","net.minecraftforge.server.permission.events.PermissionGatherEvent":"net.minecraftforge.server.permission.events.PermissionGatherEvent","net.minecraftforge.event.OnDatapackSyncEvent":"net.minecraftforge.event.OnDatapackSyncEvent","net.minecraftforge.fml.event.lifecycle.InterModEnqueueEvent":"net.minecraftforge.fml.event.lifecycle.InterModEnqueueEvent","net.minecraftforge.eventbus.api.GenericEvent":"net.minecraftforge.eventbus.api.GenericEvent","net.minecraftforge.client.event.RenderGuiOverlayEvent$Post":"net.minecraftforge.client.event.RenderGuiOverlayEvent$Post","net.minecraftforge.client.event.InputEvent$MouseButton$Pre":"net.minecraftforge.client.event.InputEvent$MouseButton$Pre","net.minecraftforge.event.entity.EntityEvent$EntityConstructing":"net.minecraftforge.event.entity.EntityEvent$EntityConstructing","net.minecraftforge.client.event.ScreenEvent$Init$Post":"net.minecraftforge.client.event.ScreenEvent$Init$Post","net.minecraftforge.client.event.RegisterColorHandlersEvent":"net.minecraftforge.client.event.RegisterColorHandlersEvent","net.minecraftforge.client.event.RenderArmEvent":"net.minecraftforge.client.event.RenderArmEvent","net.minecraftforge.event.entity.player.CriticalHitEvent":"net.minecraftforge.event.entity.player.CriticalHitEvent","net.minecraftforge.event.entity.player.ArrowNockEvent":"net.minecraftforge.event.entity.player.ArrowNockEvent","net.minecraftforge.event.level.ExplosionEvent$Detonate":"net.minecraftforge.event.level.ExplosionEvent$Detonate","net.minecraftforge.event.level.ChunkEvent$Load":"net.minecraftforge.event.level.ChunkEvent$Load","net.minecraftforge.client.event.ModelEvent$RegisterAdditional":"net.minecraftforge.client.event.ModelEvent$RegisterAdditional","net.minecraftforge.event.entity.living.LivingDeathEvent":"net.minecraftforge.event.entity.living.LivingDeathEvent","net.minecraftforge.event.entity.living.AnimalTameEvent":"net.minecraftforge.event.entity.living.AnimalTameEvent","net.minecraftforge.event.RegisterGameTestsEvent":"net.minecraftforge.event.RegisterGameTestsEvent","net.minecraftforge.event.entity.player.PlayerContainerEvent$Close":"net.minecraftforge.event.entity.player.PlayerContainerEvent$Close","net.minecraftforge.event.entity.living.LivingDropsEvent":"net.minecraftforge.event.entity.living.LivingDropsEvent","net.minecraftforge.client.event.RenderPlayerEvent$Post":"net.minecraftforge.client.event.RenderPlayerEvent$Post","net.minecraftforge.event.entity.EntityEvent":"net.minecraftforge.event.entity.EntityEvent","mekanism.common.lib.transmitter.DynamicBufferedNetwork$TransferEvent":"mekanism.common.lib.transmitter.DynamicBufferedNetwork$TransferEvent","net.minecraftforge.event.entity.player.PlayerInteractEvent$EntityInteract":"net.minecraftforge.event.entity.player.PlayerInteractEvent$EntityInteract","mekanism.common.content.network.BoxedChemicalNetwork$ChemicalTransferEvent":"mekanism.common.content.network.BoxedChemicalNetwork$ChemicalTransferEvent","net.minecraftforge.event.level.BlockEvent$BlockToolModificationEvent":"net.minecraftforge.event.level.BlockEvent$BlockToolModificationEvent","net.minecraftforge.client.event.RecipesUpdatedEvent":"net.minecraftforge.client.event.RecipesUpdatedEvent","net.minecraftforge.event.entity.EntityTeleportEvent$ChorusFruit":"net.minecraftforge.event.entity.EntityTeleportEvent$ChorusFruit","net.minecraftforge.client.event.ScreenEvent$MouseScrolled":"net.minecraftforge.client.event.ScreenEvent$MouseScrolled","net.minecraftforge.event.entity.living.LivingSpawnEvent$SpecialSpawn":"net.minecraftforge.event.entity.living.LivingSpawnEvent$SpecialSpawn","net.minecraftforge.client.event.ScreenEvent$MouseInput":"net.minecraftforge.client.event.ScreenEvent$MouseInput","net.minecraftforge.event.level.ExplosionEvent$Start":"net.minecraftforge.event.level.ExplosionEvent$Start","net.minecraftforge.client.event.ScreenEvent$KeyInput":"net.minecraftforge.client.event.ScreenEvent$KeyInput","net.minecraftforge.client.event.RegisterRecipeBookCategoriesEvent":"net.minecraftforge.client.event.RegisterRecipeBookCategoriesEvent","net.minecraftforge.event.entity.living.LivingExperienceDropEvent":"net.minecraftforge.event.entity.living.LivingExperienceDropEvent","com.jozufozu.flywheel.event.BeginFrameEvent":"com.jozufozu.flywheel.event.BeginFrameEvent","net.minecraftforge.client.event.ScreenEvent$KeyReleased$Post":"net.minecraftforge.client.event.ScreenEvent$KeyReleased$Post","com.jozufozu.flywheel.event.RenderLayerEvent":"com.jozufozu.flywheel.event.RenderLayerEvent","net.minecraftforge.client.event.ScreenEvent$Render$Pre":"net.minecraftforge.client.event.ScreenEvent$Render$Pre","net.minecraftforge.event.TickEvent$PlayerTickEvent":"net.minecraftforge.event.TickEvent$PlayerTickEvent","net.minecraftforge.client.event.ContainerScreenEvent$Render":"net.minecraftforge.client.event.ContainerScreenEvent$Render","net.minecraftforge.client.event.ScreenEvent$CharacterTyped$Post":"net.minecraftforge.client.event.ScreenEvent$CharacterTyped$Post","net.minecraftforge.client.event.EntityRenderersEvent$AddLayers":"net.minecraftforge.client.event.EntityRenderersEvent$AddLayers","net.minecraftforge.event.PlayLevelSoundEvent":"net.minecraftforge.event.PlayLevelSoundEvent","net.minecraftforge.event.entity.player.PlayerEvent$StartTracking":"net.minecraftforge.event.entity.player.PlayerEvent$StartTracking","net.minecraftforge.event.level.NoteBlockEvent":"net.minecraftforge.event.level.NoteBlockEvent","net.minecraftforge.event.entity.player.PermissionsChangedEvent":"net.minecraftforge.event.entity.player.PermissionsChangedEvent","shadows.placebo.util.RegistryEvent":"shadows.placebo.util.RegistryEvent","net.minecraftforge.event.entity.player.PlayerEvent$ItemPickupEvent":"net.minecraftforge.event.entity.player.PlayerEvent$ItemPickupEvent","net.minecraftforge.client.event.ViewportEvent":"net.minecraftforge.client.event.ViewportEvent","net.minecraftforge.event.entity.living.LivingEntityUseItemEvent$Stop":"net.minecraftforge.event.entity.living.LivingEntityUseItemEvent$Stop","net.minecraftforge.event.entity.living.LivingSetAttackTargetEvent":"net.minecraftforge.event.entity.living.LivingSetAttackTargetEvent","net.minecraftforge.client.event.ClientChatReceivedEvent":"net.minecraftforge.client.event.ClientChatReceivedEvent","net.minecraftforge.event.level.ExplosionEvent":"net.minecraftforge.event.level.ExplosionEvent","net.minecraftforge.network.NetworkEvent$ServerCustomPayloadEvent":"net.minecraftforge.network.NetworkEvent$ServerCustomPayloadEvent","net.minecraftforge.event.level.LevelEvent$Save":"net.minecraftforge.event.level.LevelEvent$Save","net.minecraftforge.client.event.EntityRenderersEvent":"net.minecraftforge.client.event.EntityRenderersEvent","journeymap.client.api.event.forge.PopupMenuEvent$WaypointPopupMenuEvent":"journeymap.client.api.event.forge.PopupMenuEvent$WaypointPopupMenuEvent","shadows.apotheosis.Apotheosis$ApotheosisReloadEvent":"shadows.apotheosis.Apotheosis$ApotheosisReloadEvent","net.minecraftforge.client.event.ScreenEvent$KeyReleased$Pre":"net.minecraftforge.client.event.ScreenEvent$KeyReleased$Pre","net.minecraftforge.client.event.ScreenshotEvent":"net.minecraftforge.client.event.ScreenshotEvent","net.minecraftforge.client.event.ScreenEvent$Init":"net.minecraftforge.client.event.ScreenEvent$Init","net.minecraftforge.client.event.RenderTooltipEvent":"net.minecraftforge.client.event.RenderTooltipEvent","net.minecraftforge.client.event.sound.PlaySoundEvent":"net.minecraftforge.client.event.sound.PlaySoundEvent","net.minecraftforge.client.event.RenderTooltipEvent$Pre":"net.minecraftforge.client.event.RenderTooltipEvent$Pre","net.minecraftforge.event.entity.living.LivingChangeTargetEvent":"net.minecraftforge.event.entity.living.LivingChangeTargetEvent","mekanism.common.content.network.EnergyNetwork$EnergyTransferEvent":"mekanism.common.content.network.EnergyNetwork$EnergyTransferEvent","net.minecraftforge.event.level.ChunkDataEvent$Load":"net.minecraftforge.event.level.ChunkDataEvent$Load","net.minecraftforge.event.AddPackFindersEvent":"net.minecraftforge.event.AddPackFindersEvent","net.minecraftforge.event.level.ChunkWatchEvent$UnWatch":"net.minecraftforge.event.level.ChunkWatchEvent$UnWatch","net.minecraftforge.event.entity.EntityAttributeCreationEvent":"net.minecraftforge.event.entity.EntityAttributeCreationEvent","net.minecraftforge.event.entity.living.LivingEntityUseItemEvent":"net.minecraftforge.event.entity.living.LivingEntityUseItemEvent","net.minecraftforge.data.event.GatherDataEvent":"net.minecraftforge.data.event.GatherDataEvent","net.minecraftforge.event.CommandEvent":"net.minecraftforge.event.CommandEvent","net.minecraftforge.client.event.RenderLivingEvent$Post":"net.minecraftforge.client.event.RenderLivingEvent$Post","net.minecraftforge.client.event.RegisterColorHandlersEvent$Block":"net.minecraftforge.client.event.RegisterColorHandlersEvent$Block","net.minecraftforge.event.TickEvent$ServerTickEvent":"net.minecraftforge.event.TickEvent$ServerTickEvent","net.minecraftforge.event.entity.player.PlayerEvent$ItemSmeltedEvent":"net.minecraftforge.event.entity.player.PlayerEvent$ItemSmeltedEvent","journeymap.client.api.event.forge.FullscreenDisplayEvent$AddonButtonDisplayEvent":"journeymap.client.api.event.forge.FullscreenDisplayEvent$AddonButtonDisplayEvent","shadows.apotheosis.Apotheosis$ApotheosisConstruction":"shadows.apotheosis.Apotheosis$ApotheosisConstruction","net.minecraftforge.event.entity.living.ShieldBlockEvent":"net.minecraftforge.event.entity.living.ShieldBlockEvent","com.jozufozu.flywheel.event.GatherContextEvent":"com.jozufozu.flywheel.event.GatherContextEvent","net.minecraftforge.event.TickEvent$LevelTickEvent":"net.minecraftforge.event.TickEvent$LevelTickEvent","net.minecraftforge.event.server.ServerStoppingEvent":"net.minecraftforge.event.server.ServerStoppingEvent","shadows.placebo.events.AnvilLandEvent":"shadows.placebo.events.AnvilLandEvent","net.minecraftforge.client.event.ScreenEvent$CharacterTyped$Pre":"net.minecraftforge.client.event.ScreenEvent$CharacterTyped$Pre","net.minecraftforge.client.event.RegisterColorHandlersEvent$Item":"net.minecraftforge.client.event.RegisterColorHandlersEvent$Item","net.minecraftforge.event.entity.EntityLeaveLevelEvent":"net.minecraftforge.event.entity.EntityLeaveLevelEvent","net.minecraftforge.client.event.RegisterShadersEvent":"net.minecraftforge.client.event.RegisterShadersEvent","net.minecraftforge.client.event.ScreenEvent$CharacterTyped":"net.minecraftforge.client.event.ScreenEvent$CharacterTyped","journeymap.client.api.event.forge.PopupMenuEvent":"journeymap.client.api.event.forge.PopupMenuEvent","net.minecraftforge.event.entity.player.PlayerEvent$ItemCraftedEvent":"net.minecraftforge.event.entity.player.PlayerEvent$ItemCraftedEvent","net.minecraftforge.event.entity.player.PlayerEvent$PlayerChangedDimensionEvent":"net.minecraftforge.event.entity.player.PlayerEvent$PlayerChangedDimensionEvent","net.minecraftforge.event.entity.player.PlayerInteractEvent$RightClickEmpty":"net.minecraftforge.event.entity.player.PlayerInteractEvent$RightClickEmpty","net.minecraftforge.client.event.ViewportEvent$ComputeCameraAngles":"net.minecraftforge.client.event.ViewportEvent$ComputeCameraAngles","net.minecraftforge.event.entity.living.LivingFallEvent":"net.minecraftforge.event.entity.living.LivingFallEvent","net.minecraftforge.client.event.ClientPlayerNetworkEvent":"net.minecraftforge.client.event.ClientPlayerNetworkEvent","net.minecraftforge.event.entity.player.PlayerXpEvent$XpChange":"net.minecraftforge.event.entity.player.PlayerXpEvent$XpChange","net.minecraftforge.client.event.ScreenEvent$MouseScrolled$Pre":"net.minecraftforge.client.event.ScreenEvent$MouseScrolled$Pre","net.minecraftforge.event.entity.player.PlayerEvent$PlayerRespawnEvent":"net.minecraftforge.event.entity.player.PlayerEvent$PlayerRespawnEvent","vazkii.quark.api.event.UsageTickerEvent$GetCount":"vazkii.quark.api.event.UsageTickerEvent$GetCount","net.minecraftforge.registries.MissingMappingsEvent":"net.minecraftforge.registries.MissingMappingsEvent","net.minecraftforge.event.entity.EntityTeleportEvent":"net.minecraftforge.event.entity.EntityTeleportEvent","net.minecraftforge.client.event.ContainerScreenEvent$Render$Background":"net.minecraftforge.client.event.ContainerScreenEvent$Render$Background","net.minecraftforge.client.event.ScreenEvent$MouseButtonPressed$Post":"net.minecraftforge.client.event.ScreenEvent$MouseButtonPressed$Post","net.minecraftforge.event.entity.ProjectileImpactEvent":"net.minecraftforge.event.entity.ProjectileImpactEvent","net.minecraftforge.client.event.TextureStitchEvent$Pre":"net.minecraftforge.client.event.TextureStitchEvent$Pre","net.minecraftforge.client.event.RenderGuiEvent$Pre":"net.minecraftforge.client.event.RenderGuiEvent$Pre","net.minecraftforge.client.event.RegisterClientTooltipComponentFactoriesEvent":"net.minecraftforge.client.event.RegisterClientTooltipComponentFactoriesEvent","net.minecraftforge.client.event.RenderGuiEvent$Post":"net.minecraftforge.client.event.RenderGuiEvent$Post","net.minecraftforge.client.event.RegisterGuiOverlaysEvent":"net.minecraftforge.client.event.RegisterGuiOverlaysEvent","net.minecraftforge.event.furnace.FurnaceFuelBurnTimeEvent":"net.minecraftforge.event.furnace.FurnaceFuelBurnTimeEvent","net.minecraftforge.client.event.ScreenEvent$Closing":"net.minecraftforge.client.event.ScreenEvent$Closing","blusunrize.immersiveengineering.api.multiblocks.MultiblockHandler$MultiblockFormEvent":"blusunrize.immersiveengineering.api.multiblocks.MultiblockHandler$MultiblockFormEvent","net.minecraftforge.event.entity.player.AnvilRepairEvent":"net.minecraftforge.event.entity.player.AnvilRepairEvent","net.minecraftforge.event.AddReloadListenerEvent":"net.minecraftforge.event.AddReloadListenerEvent","mekanism.common.content.network.FluidNetwork$FluidTransferEvent":"mekanism.common.content.network.FluidNetwork$FluidTransferEvent","vazkii.quark.api.event.RecipeCrawlEvent$Visit$Shaped":"vazkii.quark.api.event.RecipeCrawlEvent$Visit$Shaped","net.minecraftforge.event.entity.EntityJoinLevelEvent":"net.minecraftforge.event.entity.EntityJoinLevelEvent","net.minecraftforge.client.event.ScreenEvent$MouseDragged":"net.minecraftforge.client.event.ScreenEvent$MouseDragged","net.minecraftforge.client.event.InputEvent$MouseButton$Post":"net.minecraftforge.client.event.InputEvent$MouseButton$Post","net.minecraftforge.event.level.LevelEvent":"net.minecraftforge.event.level.LevelEvent","net.minecraftforge.client.event.RenderHandEvent":"net.minecraftforge.client.event.RenderHandEvent","net.minecraftforge.client.event.ScreenEvent$MouseScrolled$Post":"net.minecraftforge.client.event.ScreenEvent$MouseScrolled$Post","net.minecraftforge.event.entity.player.FillBucketEvent":"net.minecraftforge.event.entity.player.FillBucketEvent","net.minecraftforge.client.event.RenderItemInFrameEvent":"net.minecraftforge.client.event.RenderItemInFrameEvent","net.minecraftforge.event.entity.player.BonemealEvent":"net.minecraftforge.event.entity.player.BonemealEvent","net.minecraftforge.event.entity.player.PlayerEvent":"net.minecraftforge.event.entity.player.PlayerEvent","net.minecraftforge.fml.event.lifecycle.InterModProcessEvent":"net.minecraftforge.fml.event.lifecycle.InterModProcessEvent","shadows.apotheosis.core.attributeslib.api.GatherSkippedAttributeTooltipsEvent":"shadows.apotheosis.core.attributeslib.api.GatherSkippedAttributeTooltipsEvent","vazkii.quark.api.event.UsageTickerEvent":"vazkii.quark.api.event.UsageTickerEvent","vazkii.quark.api.event.RecipeCrawlEvent$Reset":"vazkii.quark.api.event.RecipeCrawlEvent$Reset","net.minecraftforge.client.event.RenderLivingEvent$Pre":"net.minecraftforge.client.event.RenderLivingEvent$Pre","net.minecraftforge.event.entity.living.LivingConversionEvent":"net.minecraftforge.event.entity.living.LivingConversionEvent","net.minecraftforge.event.server.ServerStartedEvent":"net.minecraftforge.event.server.ServerStartedEvent","net.minecraftforge.event.entity.player.ItemFishedEvent":"net.minecraftforge.event.entity.player.ItemFishedEvent","net.minecraftforge.event.ServerChatEvent":"net.minecraftforge.event.ServerChatEvent","net.minecraftforge.client.event.ContainerScreenEvent":"net.minecraftforge.client.event.ContainerScreenEvent","com.supermartijn642.core.render.RenderWorldEvent":"com.supermartijn642.core.render.RenderWorldEvent","net.minecraftforge.client.event.ScreenEvent":"net.minecraftforge.client.event.ScreenEvent","net.minecraftforge.fml.event.lifecycle.ModLifecycleEvent":"net.minecraftforge.fml.event.lifecycle.ModLifecycleEvent","net.minecraftforge.client.event.ModelEvent$RegisterGeometryLoaders":"net.minecraftforge.client.event.ModelEvent$RegisterGeometryLoaders","net.minecraftforge.common.capabilities.RegisterCapabilitiesEvent":"net.minecraftforge.common.capabilities.RegisterCapabilitiesEvent","net.minecraftforge.event.entity.living.MobEffectEvent$Applicable":"net.minecraftforge.event.entity.living.MobEffectEvent$Applicable","net.minecraftforge.event.entity.living.LivingEntityUseItemEvent$Start":"net.minecraftforge.event.entity.living.LivingEntityUseItemEvent$Start","net.minecraftforge.registries.RegisterEvent":"net.minecraftforge.registries.RegisterEvent","net.minecraftforge.client.event.ViewportEvent$ComputeFogColor":"net.minecraftforge.client.event.ViewportEvent$ComputeFogColor","net.minecraftforge.client.event.ScreenEvent$MouseDragged$Pre":"net.minecraftforge.client.event.ScreenEvent$MouseDragged$Pre","net.minecraftforge.client.event.InputEvent":"net.minecraftforge.client.event.InputEvent","net.minecraftforge.client.event.RenderPlayerEvent":"net.minecraftforge.client.event.RenderPlayerEvent","net.minecraftforge.client.event.RegisterItemDecorationsEvent":"net.minecraftforge.client.event.RegisterItemDecorationsEvent","net.minecraftforge.client.event.RegisterClientCommandsEvent":"net.minecraftforge.client.event.RegisterClientCommandsEvent","net.minecraftforge.event.level.ChunkDataEvent":"net.minecraftforge.event.level.ChunkDataEvent","net.minecraftforge.client.event.ScreenEvent$MouseButtonPressed":"net.minecraftforge.client.event.ScreenEvent$MouseButtonPressed","journeymap.client.api.event.forge.PopupMenuEvent$FullscreenPopupMenuEvent":"journeymap.client.api.event.forge.PopupMenuEvent$FullscreenPopupMenuEvent","net.minecraftforge.event.entity.item.ItemTossEvent":"net.minecraftforge.event.entity.item.ItemTossEvent","net.minecraftforge.client.event.ScreenEvent$KeyPressed$Pre":"net.minecraftforge.client.event.ScreenEvent$KeyPressed$Pre","net.minecraftforge.event.entity.living.PotionColorCalculationEvent":"net.minecraftforge.event.entity.living.PotionColorCalculationEvent","net.minecraftforge.client.event.ClientChatEvent":"net.minecraftforge.client.event.ClientChatEvent","net.minecraftforge.registries.NewRegistryEvent":"net.minecraftforge.registries.NewRegistryEvent","net.minecraftforge.client.event.InputEvent$Key":"net.minecraftforge.client.event.InputEvent$Key","net.minecraftforge.client.event.ComputeFovModifierEvent":"net.minecraftforge.client.event.ComputeFovModifierEvent","net.minecraftforge.event.entity.living.LivingEntityUseItemEvent$Finish":"net.minecraftforge.event.entity.living.LivingEntityUseItemEvent$Finish","net.minecraftforge.client.event.CustomizeGuiOverlayEvent$DebugText":"net.minecraftforge.client.event.CustomizeGuiOverlayEvent$DebugText","net.minecraftforge.event.entity.living.LivingSpawnEvent$CheckSpawn":"net.minecraftforge.event.entity.living.LivingSpawnEvent$CheckSpawn","net.minecraftforge.event.entity.player.PlayerDestroyItemEvent":"net.minecraftforge.event.entity.player.PlayerDestroyItemEvent","net.minecraftforge.event.entity.player.PlayerInteractEvent":"net.minecraftforge.event.entity.player.PlayerInteractEvent","net.minecraftforge.event.entity.player.PlayerEvent$PlayerLoggedOutEvent":"net.minecraftforge.event.entity.player.PlayerEvent$PlayerLoggedOutEvent","net.minecraftforge.event.server.ServerAboutToStartEvent":"net.minecraftforge.event.server.ServerAboutToStartEvent","net.minecraftforge.event.level.BlockEvent$EntityPlaceEvent":"net.minecraftforge.event.level.BlockEvent$EntityPlaceEvent","net.minecraftforge.client.event.RenderGuiOverlayEvent$Pre":"net.minecraftforge.client.event.RenderGuiOverlayEvent$Pre","shadows.apotheosis.core.attributeslib.api.GatherEffectScreenTooltipsEvent":"shadows.apotheosis.core.attributeslib.api.GatherEffectScreenTooltipsEvent","net.minecraftforge.client.event.ScreenEvent$Opening":"net.minecraftforge.client.event.ScreenEvent$Opening","net.minecraftforge.client.event.EntityRenderersEvent$RegisterLayerDefinitions":"net.minecraftforge.client.event.EntityRenderersEvent$RegisterLayerDefinitions","net.minecraftforge.network.NetworkEvent$GatherLoginPayloadsEvent":"net.minecraftforge.network.NetworkEvent$GatherLoginPayloadsEvent","net.minecraftforge.client.event.RenderLevelLastEvent":"net.minecraftforge.client.event.RenderLevelLastEvent","vazkii.quark.api.event.RecipeCrawlEvent$Visit":"vazkii.quark.api.event.RecipeCrawlEvent$Visit","net.minecraftforge.event.village.WandererTradesEvent":"net.minecraftforge.event.village.WandererTradesEvent","net.minecraftforge.event.level.ChunkEvent":"net.minecraftforge.event.level.ChunkEvent","net.minecraftforge.event.entity.player.PlayerInteractEvent$LeftClickEmpty":"net.minecraftforge.event.entity.player.PlayerInteractEvent$LeftClickEmpty","net.minecraftforge.event.ServerChatEvent$Submitted":"net.minecraftforge.event.ServerChatEvent$Submitted","net.minecraftforge.event.TickEvent$RenderTickEvent":"net.minecraftforge.event.TickEvent$RenderTickEvent","net.minecraftforge.event.entity.EntityEvent$Size":"net.minecraftforge.event.entity.EntityEvent$Size","net.minecraftforge.event.entity.living.MobEffectEvent":"net.minecraftforge.event.entity.living.MobEffectEvent","net.minecraftforge.client.event.ModelEvent$BakingCompleted":"net.minecraftforge.client.event.ModelEvent$BakingCompleted","net.minecraftforge.event.server.ServerStoppedEvent":"net.minecraftforge.event.server.ServerStoppedEvent","net.minecraftforge.event.entity.EntityAttributeModificationEvent":"net.minecraftforge.event.entity.EntityAttributeModificationEvent","net.minecraftforge.event.ServerChatEvent$Preview":"net.minecraftforge.event.ServerChatEvent$Preview","net.minecraftforge.event.level.ChunkEvent$Unload":"net.minecraftforge.event.level.ChunkEvent$Unload","net.minecraftforge.event.entity.player.AttackEntityEvent":"net.minecraftforge.event.entity.player.AttackEntityEvent","net.minecraftforge.event.level.BlockEvent$FluidPlaceBlockEvent":"net.minecraftforge.event.level.BlockEvent$FluidPlaceBlockEvent","net.minecraftforge.client.event.ScreenEvent$Init$Pre":"net.minecraftforge.client.event.ScreenEvent$Init$Pre","net.minecraftforge.network.NetworkEvent$ClientCustomPayloadEvent":"net.minecraftforge.network.NetworkEvent$ClientCustomPayloadEvent","shadows.placebo.events.ItemUseEvent":"shadows.placebo.events.ItemUseEvent","net.minecraftforge.fml.event.lifecycle.FMLClientSetupEvent":"net.minecraftforge.fml.event.lifecycle.FMLClientSetupEvent","net.minecraftforge.client.event.MovementInputUpdateEvent":"net.minecraftforge.client.event.MovementInputUpdateEvent","net.minecraftforge.event.entity.player.AdvancementEvent":"net.minecraftforge.event.entity.player.AdvancementEvent","net.minecraftforge.event.entity.player.PlayerInteractEvent$RightClickBlock":"net.minecraftforge.event.entity.player.PlayerInteractEvent$RightClickBlock","net.minecraftforge.client.event.InputEvent$InteractionKeyMappingTriggered":"net.minecraftforge.client.event.InputEvent$InteractionKeyMappingTriggered","net.minecraftforge.event.entity.player.PlayerContainerEvent$Open":"net.minecraftforge.event.entity.player.PlayerContainerEvent$Open","net.minecraftforge.client.event.ScreenEvent$MouseDragged$Post":"net.minecraftforge.client.event.ScreenEvent$MouseDragged$Post","net.minecraftforge.event.entity.living.LivingAttackEvent":"net.minecraftforge.event.entity.living.LivingAttackEvent","net.minecraftforge.client.event.RenderLevelStageEvent":"net.minecraftforge.client.event.RenderLevelStageEvent","net.minecraftforge.client.event.ClientPlayerNetworkEvent$LoggingIn":"net.minecraftforge.client.event.ClientPlayerNetworkEvent$LoggingIn","net.minecraftforge.server.permission.events.PermissionGatherEvent$Nodes":"net.minecraftforge.server.permission.events.PermissionGatherEvent$Nodes","net.minecraftforge.client.event.RegisterClientReloadListenersEvent":"net.minecraftforge.client.event.RegisterClientReloadListenersEvent","net.minecraftforge.event.entity.living.LivingConversionEvent$Pre":"net.minecraftforge.event.entity.living.LivingConversionEvent$Pre","vazkii.quark.api.event.QuarkModuleEvent":"vazkii.quark.api.event.QuarkModuleEvent","net.minecraftforge.event.entity.living.LootingLevelEvent":"net.minecraftforge.event.entity.living.LootingLevelEvent","net.minecraftforge.client.event.ContainerScreenEvent$Render$Foreground":"net.minecraftforge.client.event.ContainerScreenEvent$Render$Foreground","net.minecraftforge.event.entity.player.PlayerXpEvent$PickupXp":"net.minecraftforge.event.entity.player.PlayerXpEvent$PickupXp","net.minecraftforge.event.entity.living.LivingEvent$LivingJumpEvent":"net.minecraftforge.event.entity.living.LivingEvent$LivingJumpEvent","net.minecraftforge.client.event.RegisterNamedRenderTypesEvent":"net.minecraftforge.client.event.RegisterNamedRenderTypesEvent","net.minecraftforge.client.event.TextureStitchEvent$Post":"net.minecraftforge.client.event.TextureStitchEvent$Post","net.minecraftforge.client.event.ScreenEvent$MouseButtonReleased$Pre":"net.minecraftforge.client.event.ScreenEvent$MouseButtonReleased$Pre","net.minecraftforge.event.entity.living.LivingKnockBackEvent":"net.minecraftforge.event.entity.living.LivingKnockBackEvent","net.minecraftforge.event.entity.player.PlayerEvent$Clone":"net.minecraftforge.event.entity.player.PlayerEvent$Clone","net.minecraftforge.client.event.EntityRenderersEvent$RegisterRenderers":"net.minecraftforge.client.event.EntityRenderersEvent$RegisterRenderers","net.minecraftforge.client.event.InputEvent$MouseButton":"net.minecraftforge.client.event.InputEvent$MouseButton","net.minecraftforge.event.LootTableLoadEvent":"net.minecraftforge.event.LootTableLoadEvent","net.minecraftforge.event.entity.living.LivingEvent":"net.minecraftforge.event.entity.living.LivingEvent","net.minecraftforge.event.level.NoteBlockEvent$Play":"net.minecraftforge.event.level.NoteBlockEvent$Play","net.minecraftforge.event.entity.player.PlayerEvent$NameFormat":"net.minecraftforge.event.entity.player.PlayerEvent$NameFormat","shadows.apotheosis.Apotheosis$ApotheosisCommandEvent":"shadows.apotheosis.Apotheosis$ApotheosisCommandEvent","net.minecraftforge.event.entity.EntityTeleportEvent$EnderPearl":"net.minecraftforge.event.entity.EntityTeleportEvent$EnderPearl","net.minecraftforge.client.event.sound.SoundEngineLoadEvent":"net.minecraftforge.client.event.sound.SoundEngineLoadEvent","net.minecraftforge.event.level.LevelEvent$Load":"net.minecraftforge.event.level.LevelEvent$Load","net.mehvahdjukaar.moonlight.api.events.forge.FireConsumeBlockEvent":"net.mehvahdjukaar.moonlight.api.events.forge.FireConsumeBlockEvent","net.minecraftforge.event.entity.living.LivingEquipmentChangeEvent":"net.minecraftforge.event.entity.living.LivingEquipmentChangeEvent","net.minecraftforge.event.level.ChunkWatchEvent$Watch":"net.minecraftforge.event.level.ChunkWatchEvent$Watch","net.minecraftforge.event.TickEvent$ClientTickEvent":"net.minecraftforge.event.TickEvent$ClientTickEvent","net.minecraftforge.event.server.ServerLifecycleEvent":"net.minecraftforge.event.server.ServerLifecycleEvent","net.minecraftforge.client.event.RegisterKeyMappingsEvent":"net.minecraftforge.client.event.RegisterKeyMappingsEvent","net.minecraftforge.event.server.ServerStartingEvent":"net.minecraftforge.event.server.ServerStartingEvent","com.jozufozu.flywheel.event.ReloadRenderersEvent":"com.jozufozu.flywheel.event.ReloadRenderersEvent","net.minecraftforge.event.entity.EntityMountEvent":"net.minecraftforge.event.entity.EntityMountEvent","net.minecraftforge.client.event.sound.SoundEvent$SoundSourceEvent":"net.minecraftforge.client.event.sound.SoundEvent$SoundSourceEvent","net.minecraftforge.event.level.LevelEvent$Unload":"net.minecraftforge.event.level.LevelEvent$Unload","net.minecraftforge.client.event.RegisterParticleProvidersEvent":"net.minecraftforge.client.event.RegisterParticleProvidersEvent","net.minecraftforge.fml.event.lifecycle.FMLCommonSetupEvent":"net.minecraftforge.fml.event.lifecycle.FMLCommonSetupEvent","net.minecraftforge.event.entity.player.PlayerInteractEvent$EntityInteractSpecific":"net.minecraftforge.event.entity.player.PlayerInteractEvent$EntityInteractSpecific","net.minecraftforge.client.event.TextureStitchEvent":"net.minecraftforge.client.event.TextureStitchEvent","net.minecraftforge.client.event.ScreenEvent$MouseButtonReleased":"net.minecraftforge.client.event.ScreenEvent$MouseButtonReleased","net.minecraftforge.client.event.ClientPlayerNetworkEvent$LoggingOut":"net.minecraftforge.client.event.ClientPlayerNetworkEvent$LoggingOut","net.minecraftforge.client.event.CustomizeGuiOverlayEvent":"net.minecraftforge.client.event.CustomizeGuiOverlayEvent","net.minecraftforge.client.event.RenderTooltipEvent$Color":"net.minecraftforge.client.event.RenderTooltipEvent$Color","net.minecraftforge.client.event.EntityRenderersEvent$CreateSkullModels":"net.minecraftforge.client.event.EntityRenderersEvent$CreateSkullModels","net.minecraftforge.event.entity.EntityTeleportEvent$TeleportCommand":"net.minecraftforge.event.entity.EntityTeleportEvent$TeleportCommand","net.minecraftforge.client.event.RenderGuiEvent":"net.minecraftforge.client.event.RenderGuiEvent","net.minecraftforge.client.event.sound.SoundEvent":"net.minecraftforge.client.event.sound.SoundEvent","net.minecraftforge.client.event.RenderPlayerEvent$Pre":"net.minecraftforge.client.event.RenderPlayerEvent$Pre","shadows.placebo.util.RegistryEvent$Register":"shadows.placebo.util.RegistryEvent$Register","net.minecraftforge.client.event.ScreenEvent$KeyPressed":"net.minecraftforge.client.event.ScreenEvent$KeyPressed","net.minecraftforge.event.entity.player.PlayerEvent$BreakSpeed":"net.minecraftforge.event.entity.player.PlayerEvent$BreakSpeed","net.minecraftforge.event.AnvilUpdateEvent":"net.minecraftforge.event.AnvilUpdateEvent","net.minecraftforge.client.event.ScreenEvent$Render":"net.minecraftforge.client.event.ScreenEvent$Render","net.minecraftforge.client.event.ScreenEvent$Render$Post":"net.minecraftforge.client.event.ScreenEvent$Render$Post","net.minecraftforge.event.level.ChunkWatchEvent":"net.minecraftforge.event.level.ChunkWatchEvent","net.minecraftforge.fml.event.lifecycle.FMLConstructModEvent":"net.minecraftforge.fml.event.lifecycle.FMLConstructModEvent","net.minecraftforge.client.event.ScreenEvent$MouseButtonPressed$Pre":"net.minecraftforge.client.event.ScreenEvent$MouseButtonPressed$Pre","net.minecraftforge.event.entity.EntityEvent$EnteringSection":"net.minecraftforge.event.entity.EntityEvent$EnteringSection","net.minecraftforge.event.TickEvent":"net.minecraftforge.event.TickEvent","net.minecraftforge.event.AttachCapabilitiesEvent":"net.minecraftforge.event.AttachCapabilitiesEvent","net.minecraftforge.event.ItemAttributeModifierEvent":"net.minecraftforge.event.ItemAttributeModifierEvent","net.minecraftforge.client.event.RenderTooltipEvent$GatherComponents":"net.minecraftforge.client.event.RenderTooltipEvent$GatherComponents","net.minecraftforge.event.entity.EntityStruckByLightningEvent":"net.minecraftforge.event.entity.EntityStruckByLightningEvent","net.minecraftforge.event.entity.living.LivingHurtEvent":"net.minecraftforge.event.entity.living.LivingHurtEvent","net.minecraftforge.client.event.RenderHighlightEvent$Block":"net.minecraftforge.client.event.RenderHighlightEvent$Block","net.minecraftforge.event.entity.living.MobEffectEvent$Added":"net.minecraftforge.event.entity.living.MobEffectEvent$Added","net.minecraftforge.event.level.BlockEvent":"net.minecraftforge.event.level.BlockEvent","shadows.placebo.events.GetEnchantmentLevelEvent":"shadows.placebo.events.GetEnchantmentLevelEvent","net.minecraftforge.event.entity.living.LivingSpawnEvent":"net.minecraftforge.event.entity.living.LivingSpawnEvent","net.minecraftforge.network.NetworkEvent":"net.minecraftforge.network.NetworkEvent","net.minecraftforge.event.entity.living.MobEffectEvent$Remove":"net.minecraftforge.event.entity.living.MobEffectEvent$Remove","net.minecraftforge.client.event.ClientPlayerNetworkEvent$Clone":"net.minecraftforge.client.event.ClientPlayerNetworkEvent$Clone","net.minecraftforge.fml.event.config.ModConfigEvent":"net.minecraftforge.fml.event.config.ModConfigEvent"}